[{"id":113467401,"title":"Blog Template","order":1,"templateKey":"blog","customTemplate":false,"customTemplateFilename":null,"pageLinks":[],"dateCreated":"2025-05-10T13:11:23.102Z","dateUpdated":"2025-05-10T13:11:23.832Z","folderId":null,"pageName":"Blog Template","serverPageId":null,"sectionCount":1,"status":2,"backwardUrl":null},{"id":159374915,"title":"Post Template","order":2,"templateKey":"post","customTemplate":false,"customTemplateFilename":null,"pageLinks":[],"dateCreated":"2025-05-10T13:11:23.169Z","dateUpdated":"2025-05-10T13:11:23.832Z","folderId":null,"pageName":"Post Template","serverPageId":null,"sectionCount":1,"status":2,"backwardUrl":null},{"id":98595950,"title":"Product List Template","order":3,"templateKey":"products","customTemplate":false,"customTemplateFilename":null,"pageLinks":[],"dateCreated":"2025-05-10T13:11:23.233Z","dateUpdated":"2025-05-10T13:11:23.833Z","folderId":null,"pageName":"Product List Template","serverPageId":null,"sectionCount":1,"status":2,"backwardUrl":null},{"id":628222488,"title":"Product Details Template","order":4,"templateKey":"product","customTemplate":false,"customTemplateFilename":null,"pageLinks":[],"dateCreated":"2025-05-10T13:11:23.304Z","dateUpdated":"2025-05-10T13:11:23.833Z","folderId":null,"pageName":"Product Details Template","serverPageId":null,"sectionCount":1,"status":2,"backwardUrl":null},{"id":22949246,"title":"Shopping Cart Template","order":5,"templateKey":"cart","customTemplate":false,"customTemplateFilename":null,"pageLinks":[],"dateCreated":"2025-05-10T13:11:23.363Z","dateUpdated":"2025-05-10T13:11:23.833Z","folderId":null,"pageName":"Shopping Cart Template","serverPageId":null,"sectionCount":1,"status":2,"backwardUrl":null},{"id":2603501206,"title":"Checkout Template","order":6,"templateKey":"checkout","customTemplate":false,"customTemplateFilename":null,"pageLinks":[],"dateCreated":"2025-05-10T13:11:23.445Z","dateUpdated":"2025-05-10T13:11:23.833Z","folderId":null,"pageName":"Checkout Template","serverPageId":null,"sectionCount":1,"status":2,"backwardUrl":null},{"id":917902326,"title":"Login Template","order":7,"templateKey":"login","customTemplate":false,"customTemplateFilename":null,"pageLinks":[],"dateCreated":"2025-05-10T13:11:23.497Z","dateUpdated":"2025-05-10T13:11:23.833Z","folderId":null,"pageName":"Login Template","serverPageId":null,"sectionCount":1,"status":2,"backwardUrl":null},{"id":723100203,"title":"Search Page Template","order":8,"templateKey":"Search","customTemplate":false,"customTemplateFilename":null,"pageLinks":[],"dateCreated":"2025-05-10T13:11:23.534Z","dateUpdated":"2025-05-10T13:11:23.833Z","folderId":null,"pageName":"Search Page Template","serverPageId":null,"sectionCount":1,"status":2,"backwardUrl":null},{"id":942725064,"title":"Page Password Template","order":9,"templateKey":"password","customTemplate":false,"customTemplateFilename":null,"pageLinks":[],"dateCreated":"2025-05-10T13:11:23.575Z","dateUpdated":"2025-05-10T13:11:23.833Z","folderId":null,"pageName":"Page Password Template","serverPageId":null,"sectionCount":1,"status":2,"backwardUrl":null},{"id":1139600046,"title":"404 Not Found Template","order":10,"templateKey":"404","customTemplate":false,"customTemplateFilename":null,"pageLinks":[],"dateCreated":"2025-05-10T13:11:23.610Z","dateUpdated":"2025-05-10T13:11:23.833Z","folderId":null,"pageName":"404 Not Found Template","serverPageId":null,"sectionCount":1,"status":2,"backwardUrl":null},{"id":139502829,"title":"Thank You Page Template","order":11,"templateKey":"ThankYou","customTemplate":false,"customTemplateFilename":null,"pageLinks":[],"dateCreated":"2025-05-10T13:11:23.637Z","dateUpdated":"2025-05-10T13:11:23.833Z","folderId":null,"pageName":"Thank You Page Template","serverPageId":null,"sectionCount":1,"status":2,"backwardUrl":null},{"id":24619492,"title":"Autoškola-VIP","order":50,"templateKey":null,"customTemplate":false,"customTemplateFilename":null,"pageLinks":[],"dateCreated":"2025-05-10T13:16:45.611Z","dateUpdated":"2025-06-19T13:46:16.914Z","folderId":null,"pageName":"Autoškola-VIP_24619492","serverPageId":null,"sectionCount":8,"status":2,"backwardUrl":null}]