[{"id":"user-image-7444298.png","publicUrl":"np://user.desktop.nicepage.com/Site_102153438/images/7444298.png","size":3553,"hash":"DmNq9wYDVnPw0ym6IyMaZu3q9N4=","fileName":"7444298.png","name":"7444298","width":128,"height":128,"thumbnail":{"url":"np://user.desktop.nicepage.com/Site_102153438/images/thumbnails/7444298.png","width":128,"height":128,"length":3553,"type":"png"},"folderId":null,"usages":["24619492"]},{"id":"user-image-autoskola_vip_logo_900x600.png","publicUrl":"np://user.desktop.nicepage.com/Site_102153438/images/autoskola_vip_logo_900x600.png","size":448112,"hash":"47J74IPvdZBtY6w2Tq7JtmmhcM0=","fileName":"autoskola_vip_logo_900x600.png","name":"autoskola_vip_logo_900x600","width":900,"height":600,"thumbnail":{"url":"np://user.desktop.nicepage.com/Site_102153438/images/thumbnails/autoskola_vip_logo_900x600.png","width":250,"height":167},"folderId":null,"usages":[]},{"id":"user-image-4944569.png","publicUrl":"np://user.desktop.nicepage.com/Site_102153438/images/4944569.png","size":5566,"hash":"BL/EKYdMdT7zMFcHp+PvsWRLSBk=","fileName":"4944569.png","name":"4944569","width":128,"height":128,"thumbnail":{"url":"np://user.desktop.nicepage.com/Site_102153438/images/thumbnails/4944569.png","width":128,"height":128,"length":5566,"type":"png"},"folderId":null,"originalUrl":"https://assets.nicepagecdn.com/11a8ddce/6361490/images/4944569.png","usages":["24619492"]},{"id":"user-image-1304170.png","publicUrl":"np://user.desktop.nicepage.com/Site_102153438/images/1304170.png","size":6506,"hash":"SXh+WIryVEk20b81rDaloM3QB1U=","fileName":"1304170.png","name":"1304170","width":128,"height":128,"thumbnail":{"url":"np://user.desktop.nicepage.com/Site_102153438/images/thumbnails/1304170.png","width":128,"height":128,"length":6506,"type":"png"},"folderId":null,"originalUrl":"https://assets.nicepagecdn.com/11a8ddce/6361490/images/1304170.png","usages":["24619492"]},{"id":"user-image-photo-1648304179037-cebd797bf5b8.jpeg","publicUrl":"np://user.desktop.nicepage.com/Site_102153438/images/photo-1648304179037-cebd797bf5b8.jpeg","size":85674,"hash":"1RgC2sElvmox1GAs757mwWYCVAI=","fileName":"photo-1648304179037-cebd797bf5b8.jpeg","name":"photo-1648304179037-cebd797bf5b8","width":1080,"height":504,"thumbnail":{"url":"np://user.desktop.nicepage.com/Site_102153438/images/thumbnails/photo-1648304179037-cebd797bf5b8.jpeg","width":250,"height":117},"folderId":null,"originalUrl":"https://images.unsplash.com/photo-1648304179037-cebd797bf5b8?crop=entropy&cs=tinysrgb&fit=max&fm=jpg&ixid=M3w1NzgzNjl8MHwxfGNvbGxlY3Rpb258NnwxNDYxMTQ5fHx8fHwyfHwxNzQ2ODgyODU0fA&ixlib=rb-4.1.0&q=80&w=1080","usages":["24619492"]},{"id":"user-image-photo-1736195862851-1797cc4bcf82.jpeg","publicUrl":"np://user.desktop.nicepage.com/Site_102153438/images/photo-1736195862851-1797cc4bcf82.jpeg","size":196387,"hash":"h3WdeawK5ptxB6RrgqqRAIyly/g=","fileName":"photo-1736195862851-1797cc4bcf82.jpeg","name":"photo-1736195862851-1797cc4bcf82","width":1080,"height":1619,"thumbnail":{"url":"np://user.desktop.nicepage.com/Site_102153438/images/thumbnails/photo-1736195862851-1797cc4bcf82.jpeg","width":167,"height":250},"folderId":null,"originalUrl":"https://images.unsplash.com/photo-1736195862851-1797cc4bcf82?crop=entropy&cs=tinysrgb&fit=max&fm=jpg&ixid=M3w1NzgzNjl8MHwxfGNvbGxlY3Rpb258MXwxNDYxMTQ5fHx8fHwyfHwxNzQ2ODgyODU0fA&ixlib=rb-4.1.0&q=80&w=1080","usages":["24619492"]},{"id":"user-image-w.jpg","publicUrl":"np://user.desktop.nicepage.com/Site_102153438/images/w.jpg","size":13464,"hash":"e7c9NX//eHiYKWHs5e7xesSXXw8=","fileName":"w.jpg","name":"w","width":206,"height":206,"thumbnail":{"url":"np://user.desktop.nicepage.com/Site_102153438/images/thumbnails/w.jpg","height":206,"width":206,"length":13464,"type":"jpg"},"folderId":null,"originalUrl":"https://assets.nicepagecdn.com/11a8ddce/6361490/images/w.jpg","usages":["24619492"]},{"id":"user-image-hgghgh.jpg","publicUrl":"np://user.desktop.nicepage.com/Site_102153438/images/hgghgh.jpg","size":13439,"hash":"PPK/lKxaF/8m4Toi81kgpvrKsBY=","fileName":"hgghgh.jpg","name":"hgghgh","width":206,"height":206,"thumbnail":{"url":"np://user.desktop.nicepage.com/Site_102153438/images/thumbnails/hgghgh.jpg","height":206,"width":206,"length":13439,"type":"jpg"},"folderId":null,"originalUrl":"https://assets.nicepagecdn.com/11a8ddce/6361490/images/hgghgh.jpg","usages":["24619492"]},{"id":"user-image-pretty-smiling-joyfully-female-with-fair-hair-dressed-casually-looking-with-satisfaction_176420-15187.jpg","publicUrl":"np://user.desktop.nicepage.com/Site_102153438/images/pretty-smiling-joyfully-female-with-fair-hair-dressed-casually-looking-with-satisfaction_176420-15187.jpg","size":41342,"hash":"XUMO3dduxScl7ovT7bx1vjTdLhQ=","fileName":"pretty-smiling-joyfully-female-with-fair-hair-dressed-casually-looking-with-satisfaction_176420-15187.jpg","name":"pretty-smiling-joyfully-female-with-fair-hair-dressed-casually-looking-with-satisfaction_176420-15187","width":626,"height":417,"thumbnail":{"url":"np://user.desktop.nicepage.com/Site_102153438/images/thumbnails/pretty-smiling-joyfully-female-with-fair-hair-dressed-casually-looking-with-satisfaction_176420-15187.jpg","width":250,"height":167},"folderId":null,"originalUrl":"https://assets.nicepagecdn.com/11a8ddce/6361490/images/pretty-smiling-joyfully-female-with-fair-hair-dressed-casually-looking-with-satisfaction_176420-15187.jpg","usages":["24619492"]},{"id":"user-image-photo-1550251592-aee2da85a87e.jpeg","publicUrl":"np://user.desktop.nicepage.com/Site_102153438/images/photo-1550251592-aee2da85a87e.jpeg","size":82190,"hash":"P4I7KHvHK8CvTXucTXJ52XXPVbM=","fileName":"photo-1550251592-aee2da85a87e.jpeg","name":"photo-1550251592-aee2da85a87e","width":1080,"height":720,"thumbnail":{"url":"np://user.desktop.nicepage.com/Site_102153438/images/thumbnails/photo-1550251592-aee2da85a87e.jpeg","width":250,"height":167},"folderId":null,"usages":["24619492"]},{"id":"user-image-Octavia-4-Combi-Sportline-Phoenix-02.jpg","publicUrl":"np://user.desktop.nicepage.com/Site_102153438/images/Octavia-4-Combi-Sportline-Phoenix-02.jpg","size":213134,"hash":"Cyw2nZfioUNblAGlzumXvqX+Rvw=","fileName":"Octavia-4-Combi-Sportline-Phoenix-02.jpg","name":"Octavia-4-Combi-Sportline-Phoenix-02","width":1280,"height":720,"thumbnail":{"url":"np://user.desktop.nicepage.com/Site_102153438/images/thumbnails/Octavia-4-Combi-Sportline-Phoenix-02.jpg","width":250,"height":141},"folderId":null,"usages":["24619492"]},{"id":"user-image-Octavia-4-Sportline-Phoenix-03.jpg","publicUrl":"np://user.desktop.nicepage.com/Site_102153438/images/Octavia-4-Sportline-Phoenix-03.jpg","size":194860,"hash":"cauKDXTpuTIrIILK+ivCRAk7oZA=","fileName":"Octavia-4-Sportline-Phoenix-03.jpg","name":"Octavia-4-Sportline-Phoenix-03","width":1280,"height":720,"thumbnail":{"url":"np://user.desktop.nicepage.com/Site_102153438/images/thumbnails/Octavia-4-Sportline-Phoenix-03.jpg","width":250,"height":141},"folderId":null,"usages":["24619492"]}]