[{"id":"user-image-C346BF99-AF65-4684-B9F1-1E24D83827FC.JPG","publicUrl":"np://user.desktop.nicepage.com/Site_102153438/images/C346BF99-AF65-4684-B9F1-1E24D83827FC.JPG","size":1427575,"hash":"3brZD8vAxfSnLsE0bxowO4Z8DEs=","fileName":"C346BF99-AF65-4684-B9F1-1E24D83827FC.JPG","name":"C346BF99-AF65-4684-B9F1-1E24D83827FC","width":2016,"height":1512,"thumbnail":{"url":"np://user.desktop.nicepage.com/Site_102153438/images/thumbnails/C346BF99-AF65-4684-B9F1-1E24D83827FC.JPG","width":250,"height":188},"folderId":null,"usages":["24619492"]},{"id":"user-image-NAVRH-11.png","publicUrl":"np://user.desktop.nicepage.com/Site_102153438/images/NAVRH-11.png","size":240331,"hash":"m3uMQX4iPewcjcisKhYJVrV7ifw=","fileName":"NAVRH-11.png","name":"NAVRH-11","width":1920,"height":1080,"thumbnail":{"url":"np://user.desktop.nicepage.com/Site_102153438/images/thumbnails/NAVRH-11.png","width":250,"height":141},"folderId":null,"usages":[]},{"id":"user-image-DSC_2445uprava1.JPG","publicUrl":"np://user.desktop.nicepage.com/Site_102153438/images/DSC_2445uprava1.JPG","size":2884767,"hash":"R+gyX/3yEyDSAIyoEIj3IR+CaP0=","fileName":"DSC_2445uprava1.JPG","name":"DSC_2445uprava1","width":3236,"height":4607,"thumbnail":{"url":"np://user.desktop.nicepage.com/Site_102153438/images/thumbnails/DSC_2445uprava1.JPG","width":176,"height":250},"folderId":null,"usages":["24619492"]},{"id":"user-image-7444298.png","publicUrl":"np://user.desktop.nicepage.com/Site_102153438/images/7444298.png","size":3553,"hash":"DmNq9wYDVnPw0ym6IyMaZu3q9N4=","fileName":"7444298.png","name":"7444298","width":128,"height":128,"thumbnail":{"url":"np://user.desktop.nicepage.com/Site_102153438/images/thumbnails/7444298.png","width":128,"height":128,"length":3553,"type":"png"},"folderId":null,"usages":["24619492"]},{"id":"user-image-4944569.png","publicUrl":"np://user.desktop.nicepage.com/Site_102153438/images/4944569.png","size":5566,"hash":"BL/EKYdMdT7zMFcHp+PvsWRLSBk=","fileName":"4944569.png","name":"4944569","width":128,"height":128,"thumbnail":{"url":"np://user.desktop.nicepage.com/Site_102153438/images/thumbnails/4944569.png","width":128,"height":128,"length":5566,"type":"png"},"folderId":null,"originalUrl":"https://assets.nicepagecdn.com/11a8ddce/6361490/images/4944569.png","usages":["24619492"]},{"id":"user-image-1304170.png","publicUrl":"np://user.desktop.nicepage.com/Site_102153438/images/1304170.png","size":6506,"hash":"SXh+WIryVEk20b81rDaloM3QB1U=","fileName":"1304170.png","name":"1304170","width":128,"height":128,"thumbnail":{"url":"np://user.desktop.nicepage.com/Site_102153438/images/thumbnails/1304170.png","width":128,"height":128,"length":6506,"type":"png"},"folderId":null,"originalUrl":"https://assets.nicepagecdn.com/11a8ddce/6361490/images/1304170.png","usages":["24619492"]},{"id":"user-image-photo-1550251592-aee2da85a87e.jpeg","publicUrl":"np://user.desktop.nicepage.com/Site_102153438/images/photo-1550251592-aee2da85a87e.jpeg","size":82190,"hash":"P4I7KHvHK8CvTXucTXJ52XXPVbM=","fileName":"photo-1550251592-aee2da85a87e.jpeg","name":"photo-1550251592-aee2da85a87e","width":1080,"height":720,"thumbnail":{"url":"np://user.desktop.nicepage.com/Site_102153438/images/thumbnails/photo-1550251592-aee2da85a87e.jpeg","width":250,"height":167},"folderId":null,"usages":["24619492"]}]